question,normal_answer,cot_answer
What are early symptoms of diabetes?,"Early symptoms of diabetes can include increased thirst and frequent urination, extreme hunger, unexplained weight loss, fatigue, blurred vision, slow-healing sores, and frequent infections. If you notice these symptoms, it is advisable to consult a healthcare professional for further evaluation and testing.","To determine the early symptoms of diabetes, it's important to understand the pathophysiology of the disease and how it manifests in the body. Both type 1 and type 2 diabetes can present with similar initial symptoms, although there are some distinctions. Here's a step-by-step reasoning:

1. **Increased Blood Glucose Levels**: Diabetes is characterized by high blood sugar levels. When the body cannot effectively use glucose, it leads to various symptoms.

2. **Frequent Urination (Polyuria)**: High blood sugar levels lead to excess glucose spilling into the urine, drawing water along with it, which results in increased urination frequency.

3. **Increased Thirst (Polydipsia)**: The body responds to the loss of fluid through urine by triggering a sense of thirst.

4. **Increased Hunger (Polyphagia)**: Despite high blood glucose levels, the body's cells are not receiving enough glucose for energy, prompting an increase in hunger.

5. **Fatigue**: This occurs because the body's cells aren't getting the glucose they need for energy production, leading to feelings of tiredness and exhaustion.

6. **Unexplained Weight Loss**: Especially common in type 1 diabetes, as the body begins to break down muscle and fat for energy in the absence of glucose utilization.

7. **Blurred Vision**: High blood sugar can cause swelling in the eye's lens, leading to blurred vision.

8. **Slow Healing Wounds**: Elevated glucose levels can impede blood circulation and affect white blood cell function, slowing the healing process.

9. **Frequent Infections**: High glucose levels can impair the immune system, making infections more prevalent, such as yeast infections or urinary tract infections.

10. **Irritability or Mood Changes**: Fluctuations in blood sugar can affect mood stability.

11. **Numbness or Tingling in the Extremities**: Often seen in type 2 diabetes as it progresses, due to nerve damage caused by prolonged high blood sugar levels.

Final answer: The early symptoms of diabetes include frequent urination, increased thirst, increased hunger, fatigue, unexplained weight loss, blurred vision, slow healing of wounds, frequent infections, irritability, and numbness or tingling in the extremities."
What could cause persistent chest pain?,"Persistent chest pain can be caused by a variety of conditions, including:

1. **Cardiovascular Issues**: Angina, myocardial infarction (heart attack), pericarditis, or aortic dissection.
2. **Gastrointestinal Problems**: Gastroesophageal reflux disease (GERD), peptic ulcers, or esophageal spasms.
3. **Musculoskeletal Disorders**: Costochondritis or muscle strain.
4. **Respiratory Conditions**: Pneumonia, pleuritis, or pulmonary embolism.
5. **Psychological Factors**: Anxiety or panic disorders.
6. **Other Causes**: Herpes zoster (shingles) or mediastinal tumors.

Persistent chest pain warrants medical evaluation to determine the underlying cause and appropriate treatment.","When evaluating the potential causes of persistent chest pain, it's important to consider a variety of possibilities ranging from common to more serious conditions. Here’s a step-by-step breakdown:

1. **Cardiac-Related Causes:**
   - **Angina Pectoris:** Occurs when the heart muscle doesn't get enough oxygen-rich blood. It's usually a warning sign of coronary artery disease.
   - **Myocardial Infarction (Heart Attack):** Persistent chest pain could be indicative of a heart attack, especially if accompanied by other symptoms like shortness of breath, sweating, nausea, or radiating pain.
   - **Pericarditis:** Inflammation of the pericardium (the lining around the heart), which often leads to sharp chest pain that can worsen with breathing or lying down.

2. **Gastrointestinal Causes:**
   - **Gastroesophageal Reflux Disease (GERD):** Acid reflux can cause a burning sensation in the chest, often mistaken for cardiac-related pain.
   - **Esophageal Spasms:** Irregular contractions of the esophagus can mimic heart pain.
   - **Hiatal Hernia:** Can cause upper abdominal and chest pain.

3. **Pulmonary Causes:**
   - **Pulmonary Embolism:** A blood clot in the lung can cause sudden and severe chest pain, often accompanied by shortness of breath and a rapid heart rate.
   - **Pneumonia or Pleuritis:** Infection or inflammation of the lungs or the lining around the lungs can cause chest pain, often sharp and worse with breathing or coughing.
   - **Pneumothorax (Collapsed Lung):** Can cause sudden and intense chest pain and difficulty breathing.

4. **Musculoskeletal Causes:**
   - **Costochondritis:** Inflammation of the cartilage connecting the rib to the sternum, causing localized chest pain.
   - **Muscle Strain:** Can occur from heavy lifting or overuse, causing persistent pain.

5. **Anxiety and Panic Disorders:**
   - Panic attacks can manifest as chest pain along with racing heart, sweating, and fear, often leading people to think they are having a heart attack.

6. **Other Causes:**
   - **Shingles:** Before the rash appears, shingles can cause a band of sharp, burning pain on one side of the chest.
   - **Cancer:** Rarely, tumors in the chest area can present as persistent pain.

**Final Answer:** Persistent chest pain could be caused by several conditions, including cardiac-related issues (like angina or myocardial infarction), gastrointestinal problems (such as GERD or esophageal spasms), pulmonary causes (such as pulmonary embolism or pneumonia), musculoskeletal issues (like costochondritis or muscle strain), anxiety or panic disorders, and other conditions such as shingles or cancer. Proper diagnosis by a healthcare professional is essential, especially to rule out life-threatening causes."
How to identify asthma in young children?,"Identifying asthma in young children can be challenging, but look for the following signs and symptoms:

1. **Frequent Coughing**: This may occur during play, at night, or when laughing or crying.

2. **Wheezing**: A whistling or squeaky sound when the child breathes, especially on exhalation.

3. **Shortness of Breath**: Noticeable difficulty in breathing or rapid breathing, which may become apparent during physical activity.

4. **Tightness in the Chest**: The child may express discomfort or pain in the chest.

5. **Recurring Bronchitis**: Frequent episodes can be a sign of underlying asthma.

6. **Fatigue**: Reduced energy levels due to poor sleep from night-time symptoms or effort in breathing.

7. **Family History**: A family history of asthma or related allergic conditions like eczema or hay fever can increase the likelihood.

It's important to note that symptoms can vary in severity and frequency. If asthma is suspected, a healthcare professional should evaluate the child. They may use a combination of medical history, physical examinations, and diagnostic tests to confirm the diagnosis.","Identifying asthma in young children involves careful observation and a systematic approach, as asthma can present variably and may be confused with other respiratory conditions. Here’s a step-by-step reasoning process to identify asthma in young children:

1. **Observe Symptoms**: 
   - **Wheezing**: Listen for high-pitched whistling sounds during breathing, especially while exhaling.
   - **Coughing**: Note a persistent cough, especially at night, early morning, or after physical activity.
   - **Shortness of Breath**: Observe if the child experiences difficulty in breathing or breathlessness.
   - **Chest Tightness**: Pay attention to any complaints of chest pain or discomfort, which might be harder to identify in very young children.

2. **Identify Triggers**:
   - **Allergens**: Consider exposure to allergens such as pollen, dust mites, pet hair, or mold.
   - **Infections**: Recognize that respiratory infections like colds can exacerbate or mimic asthma symptoms.
   - **Weather Changes**: Note any correlation of symptoms with changes in weather or temperature.
   - **Exercise or Physical Activity**: Monitor if symptoms occur or worsen during or after physical exertion.

3. **Family and Medical History**:
   - **Parental History of Asthma or Allergies**: Determine if there is a family history of asthma, allergies, or other atopic conditions, as these increase the likelihood of asthma.
   - **Previous Episodes**: Review past medical records or inquire about previous episodes of wheezing or respiratory distress.

4. **Physical Examination**:
   - **Auscultation**: Have a healthcare professional listen to the lungs using a stethoscope to detect any wheezing or abnormal breath sounds.
   - **Respiratory Rate**: Measure the child’s breathing rate and check for signs of labored breathing.

5. **Diagnostic Testing**:
   - Since spirometry (lung function testing) is challenging in young children, alternatives such as impulse oscillometry or other age-appropriate tests may be considered by healthcare professionals.
   - In specific cases, a trial of asthma medication (e.g., a bronchodilator) to see if symptoms improve may be another approach.

6. **Professional Assessment**:
   - **Consultation with a Pediatrician**: Schedule a consultation with a pediatrician or pediatric pulmonologist who can assess symptoms and possibly conduct more specialized testing.
   
Final Answer:
To identify asthma in young children, observe for symptoms like wheezing, persistent cough, and shortness of breath, especially in response to triggers such as allergens or physical activity. Consider family history and previous episodes. Perform a physical exam for abnormal breath sounds, and consult a healthcare professional for an accurate diagnosis, potentially involving age-appropriate testing or a trial of asthma medication."
What are early signs of kidney disease?,"Early signs of kidney disease can be subtle and may include:

1. Fatigue and decreased energy levels.
2. Swelling in the ankles, feet, or hands due to fluid retention.
3. Changes in urination patterns, such as increased frequency, pain during urination, or foamy urine.
4. Blood in the urine.
5. Persistent puffiness around the eyes, especially in the morning.
6. High blood pressure.
7. Difficulty concentrating.
8. Poor appetite or unexplained weight loss.
9. Persistent itching.
10. Muscle cramps, especially at night.

If any of these symptoms are present, it is important to consult a healthcare provider for further evaluation.","To identify the early signs of kidney disease, it’s essential to understand the functions of the kidneys and the typical symptoms that arise when these functions are compromised. The kidneys are responsible for filtering waste products and excess fluids from the blood, balancing electrolytes, and supporting red blood cell production. Early signs of kidney disease often relate to these functions becoming impaired.

1. **Changes in Urination:**
   - **Frequency and Amount**: Increased or decreased urine output could indicate kidney issues.
   - **Appearance**: Urine may appear foamy, bubbly, or have blood (hematuria) present.
   - **Color**: Darker than normal or tea-colored urine may be a sign of underlying issues.

2. **Fatigue and Weakness:**
   - Kidneys produce erythropoietin, a hormone that stimulates red blood cell production. Damaged kidneys produce less, leading to anemia and related fatigue.

3. **Swelling (Edema):**
   - Fluid retention due to impaired kidney function can cause swelling in areas such as the ankles, feet, hands, and face.

4. **Shortness of Breath:**
   - This can occur due to fluid overload affecting the lungs or anemia caused by reduced erythropoietin production.

5. **High Blood Pressure:**
   - The kidneys help regulate blood pressure. Dysfunction may lead to hypertension.

6. **Pain:**
   - Although not always present, some may experience pain near the kidneys in the back or side.

7. **Skin Rash or Itching:**
   - Waste accumulation in the blood can lead to skin irritation and itching.

8. **Metallic Taste in Mouth/Ammonia Breath:**
   - Waste buildup can affect taste and breath, making them unpleasant.

9. **Nausea and Vomiting:**
   - Accumulation of toxins can lead to gastrointestinal disturbances.

Final answer: Early signs of kidney disease include changes in urination, fatigue and weakness, swelling (edema), shortness of breath, high blood pressure, pain near the kidney area, skin rash or itching, metallic taste in mouth or ammonia-scented breath, and nausea and vomiting. If these symptoms are present, it is important to consult a healthcare professional for evaluation and appropriate testing."
What is the first sign of Alzheimer's disease?,"The first sign of Alzheimer's disease is typically subtle memory loss, particularly difficulty in remembering recent events or newly acquired information.","To determine the first sign of Alzheimer's disease, let's go through a step-by-step analysis:

1. **Definition of Alzheimer's Disease**: Alzheimer's disease is a progressive neurodegenerative disorder that affects memory, thinking, and behavior. It is the most common cause of dementia among older adults.

2. **Early Symptoms and Stages**: Alzheimer’s disease typically progresses through stages, starting with mild symptoms that gradually worsen over time. Identifying early symptoms is crucial for early diagnosis and management.

3. **Common Early Signs**:
   - **Memory Loss**: One of the hallmark and most common early signs is memory loss that disrupts daily life. This can include forgetting recently learned information, important dates, or events.
   - **Difficulty with Familiar Tasks**: Individuals might find it challenging to complete routine tasks at work, home, or leisure.
   - **Challenges in Problem Solving or Planning**: Struggling with working with numbers or following a plan.
   - **Confusion with Time or Place**: Losing track of dates, seasons, and the passage of time.
   - **Trouble with Visual and Spatial Relationships**: Difficulty in understanding visual images and spatial relationships, which can affect balance and reading.
   - **Language Problems**: Problems with speaking or writing, such as forgetting words or stopping in the middle of a conversation.
   - **Poor Judgment**: Decreased judgment or decision-making skills.
   - **Withdrawal from Work or Social Activities**: Becoming disinterested or less involved in social activities.

4. **Distinguishing Alzheimer's from Normal Aging**: It’s important to differentiate between signs of Alzheimer’s and normal age-related memory changes. A decline in memory that affects daily life is more indicative of Alzheimer’s than typical age-related forgetfulness.

5. **Clinical Insight**: Medical professionals often report that patients or their family members first notice memory lapses that are more serious and frequent compared to normal aging. These lapses typically relate to recent or new information rather than older memories.

Final Answer Based on Reasoning:
The first noticeable sign of Alzheimer’s disease is typically memory loss, especially short-term memory issues, that disrupts daily life. This includes difficulty remembering recently learned information, which is often more frequent and severe than normal age-related forgetfulness."
What are common causes of chronic headaches?,"Common causes of chronic headaches include tension-type headaches, migraines, medication overuse (rebound headaches), cluster headaches, sinus issues, hormonal changes, stress, and poor posture. Additionally, factors like sleep disturbances, dehydration, vision problems, and certain medical conditions such as hypertension or temporomandibular joint (TMJ) disorders can also contribute to chronic headaches.","To identify common causes of chronic headaches, we need to consider various medical conditions, lifestyle factors, and environmental triggers that can contribute to ongoing or recurring head pain. Chronic headaches can be debilitating and may be classified into primary and secondary types, each with distinct causes.

1. **Primary Headaches:**
   - **Chronic Migraine:** A chronic migraine is characterized by headaches that occur on 15 or more days per month for more than three months, with features of migraine on at least eight of those days. These headaches can be triggered by hormonal changes, certain foods, stress, or sensory stimuli.
   - **Tension-Type Headaches:** Typically involve tightness or pressure around the forehead or back of the head and neck. They are often associated with stress, poor posture, anxiety, or depression.
   - **Cluster Headaches:** These are severe headaches that occur in cyclical patterns or clusters. They are less common than other types but can be very intense, often involving pain around one eye, which can last from weeks to months.

2. **Secondary Headaches:**
   - **Medication Overuse Headache (MOH):** Occurs from regular, frequent use of medication to alleviate headaches, which paradoxically can contribute to ongoing pain.
   - **Sinus Headaches:** Due to inflammation or congestion of the sinus passages, often associated with allergies or infections.
   - **Cervicogenic Headaches:** Result from neck issues like arthritis, neck strain, or disc issues, leading to referred pain in the head.
   - **Trauma or Injury:** Previous head or neck injuries can lead to persistent headaches.

3. **Other Contributing Factors:**
   - **Sleep Disorders:** Conditions such as sleep apnea can cause headaches due to disrupted sleep patterns.
   - **Dietary Factors:** Certain foods, such as those high in tyramine (like aged cheeses), caffeine withdrawal, or dehydration can trigger chronic headaches.
   - **Environmental Factors:** Poor lighting, loud noises, or insufficient ventilation can contribute to headaches.
   - **Mental Health Conditions:** Anxiety, depression, and chronic stress play a significant role in developing tension-type and migraine headaches.

Final Answer:
Common causes of chronic headaches include primary conditions such as chronic migraines, tension-type headaches, and cluster headaches. Secondary causes can include medication overuse, sinusitis, cervicogenic factors, sleep disorders, dietary triggers, environmental conditions, and mental health issues. Proper diagnosis often requires a detailed medical history and, in some cases, further investigation by healthcare professionals."
What symptoms indicate the onset of pneumonia?,"The onset of pneumonia is typically indicated by symptoms such as a persistent cough (often producing phlegm or mucus), fever, chills, shortness of breath, chest pain that worsens with breathing or coughing, fatigue, and general malaise. Some individuals may also experience confusion or changes in mental awareness, especially older adults, and gastrointestinal symptoms like nausea, vomiting, or diarrhea. It is essential to seek medical attention for a proper diagnosis and treatment if pneumonia is suspected.","To determine the onset of pneumonia, it is important to understand and identify both typical symptoms and risk factors associated with the condition. Pneumonia is an infection that inflames the air sacs in one or both lungs, which may fill with fluid or pus, causing various symptoms.

Step-by-step reasoning:

1. **Understanding Pneumonia**:
   - Pneumonia can be caused by bacteria, viruses, or fungi. The most common cause is bacterial, particularly Streptococcus pneumoniae.
   - Risk factors include having a weakened immune system, chronic illnesses like COPD or asthma, smoking, recent viral infections, and age extremes (young children and older adults).

2. **Common Symptoms**:
   - **Cough**: Initially dry, but can become productive with yellow or green sputum and sometimes with blood.
   - **Fever and Chills**: A high fever is often present, along with sweating and shaking chills.
   - **Shortness of Breath**: Difficulty in breathing may occur, especially during physical activities.
   - **Chest Pain**: Sharp or stabbing pain that worsens with deep breaths or coughing.
   - **Fatigue**: General feeling of fatigue or malaise.
   - **Confusion or Delirium**: More common in older adults.
   - **Lowered Appetite**: Loss of appetite and malaise are common as the body fights the infection.

3. **Other Symptoms**:
   - **Low Body Temperature**: More common in adults over 65 and people with weakened immune systems.
   - **Nausea, Vomiting, or Diarrhea**: These gastrointestinal symptoms can occur, particularly in younger patients.

4. **Considerations**:
   - Some individuals may not exhibit significant symptoms, especially older adults or those with weakened immune systems.
   - Symptoms can overlap with those of other respiratory infections, so medical evaluation, including physical exams and potential imaging (like chest X-rays), may be needed for accurate diagnosis.

Final Answer:
The onset of pneumonia is typically indicated by symptoms such as a persistent cough (which may become productive), fever with chills, difficulty breathing, chest pain, fatigue, and in some cases, confusion, especially in the elderly. Other symptoms can include nausea, vomiting, and diarrhea. If someone exhibits these symptoms, a medical evaluation is important for proper diagnosis and treatment."
How can you recognize depression symptoms in teenagers?,"Recognizing depression symptoms in teenagers involves observing changes in their behavior, mood, and overall functioning. Key signs include:

1. Persistent Sadness or Irritability: A noticeable change in mood, where the teenager appears sad, hopeless, or irritable nearly every day.
   
2. Loss of Interest: Reduced interest or pleasure in activities once enjoyed, including hobbies, sports, or social interactions.
   
3. Changes in Sleep Patterns: Sleeping too much or experiencing insomnia.
   
4. Appetite or Weight Changes: Significant weight loss or gain, or a noticeable change in appetite.
   
5. Fatigue or Lack of Energy: Feeling tired, sluggish, or lacking energy, even with adequate rest.

6. Difficulty Concentrating: Trouble focusing, making decisions, or remembering information, which may affect school performance.

7. Feelings of Worthlessness or Guilt: Exhibiting an excessive level of guilt or expressing feelings of worthlessness.

8. Social Withdrawal: Avoiding family, friends, or usual activities and preferring to be alone.

9. Restlessness or Agitation: Displaying restlessness or being easily agitated.

10. Thoughts of Death or Suicide: Expressing thoughts about death, dying, or self-harm; these should be addressed immediately and sensitively.

If these symptoms are present for more than two weeks and interfere with daily functioning, it is important to seek professional help from a mental health expert.","To recognize depression symptoms in teenagers, it's important to approach the situation comprehensively, considering various aspects of their behavior, emotions, and physical health. Here’s a step-by-step reasoning to identify these symptoms:

1. **Behavioral Changes**:
   - **Withdrawal from Activities**: Notice if the teenager has lost interest or pleasure in activities they once enjoyed, such as sports, hobbies, or socializing with friends.
   - **Academic Decline**: Look for a sudden drop in grades or a lack of interest in schoolwork and activities.
   - **Isolation**: Pay attention to any tendencies to isolate from family and friends.
   - **Substance Abuse**: Be aware of any experimentation or increase in using alcohol or drugs as a coping mechanism.

2. **Emotional Symptoms**:
   - **Persistent Sadness**: Recognize prolonged periods of feeling sad, empty, or hopeless.
   - **Irritability or Anger**: Note any unusual irritability, anger, or frustration, especially over small matters.
   - **Low Self-Esteem**: Look for signs of self-criticism or feelings of worthlessness.
   - **Excessive Worrying**: Anxiety can often accompany depression, manifesting as excessive worrying about various issues.

3. **Cognitive Symptoms**:
   - **Difficulty Concentrating**: Pay attention if there are complaints or observations of trouble focusing or making decisions.
   - **Negative Outlook**: Notice any consistently pessimistic or hopeless attitudes about the future.

4. **Physical Symptoms**:
   - **Changes in Sleep Patterns**: Look for signs of insomnia or excessive sleeping.
   - **Appetite or Weight Changes**: Take note of any significant weight loss or gain, or changes in eating habits.
   - **Fatigue**: Be mindful of reports or observations of low energy or constant fatigue.

5. **Behavioral Red Flags**:
   - **Risky Behaviors**: Be alert to any engagement in reckless or harmful activities.
   - **Self-Harm or Suicidal Thoughts**: Be extremely vigilant for any talk of self-harm, suicidal ideation, or making suicide plans.

6. **Duration and Impact**:
   - **Chronic Nature**: Symptoms should be present for at least two weeks and represent a change from previous functioning to consider a depressive disorder.
   - **Impact on Daily Life**: Assess how these symptoms are affecting their academic performance, relationships, and daily activities.

By systematically observing these symptoms in context, it becomes possible to recognize signs of depression in teenagers. It is crucial to approach the situation with empathy and understanding and consider seeking a professional evaluation if several of these symptoms persist or interfere significantly with their daily life.

**Final Answer**: Recognize depression in teenagers by observing behavioral changes such as withdrawal from activities and academic decline, emotional symptoms like persistent sadness or irritability, cognitive difficulties like trouble concentrating, and physical signs such as sleep or appetite changes. Consider the duration and impact on daily life, and seek professional help if symptoms are persistent and impactful."
What are early warning signs of liver disease?,"Early warning signs of liver disease can include:

1. Fatigue and weakness
2. Jaundice (yellowing of the skin and eyes)
3. Dark urine
4. Pale or gray-colored stools
5. Abdominal pain and swelling
6. Nausea or vomiting
7. Loss of appetite
8. Unexplained weight loss
9. Itchy skin
10. Swelling in the legs and ankles

These signs can vary depending on the underlying cause and severity of the liver disease. It's important to consult a healthcare professional for a proper diagnosis if these symptoms are present.","When identifying early warning signs of liver disease, it's important to understand the functions of the liver and how they can be affected by various conditions. Let's go through this step-by-step:

1. **Function of the Liver:** The liver performs vital functions, such as detoxifying the blood, producing important proteins (e.g., albumin, clotting factors), storing vitamins and minerals, and producing bile for digestion.

2. **Early Impairment:** Early liver disease may begin to impair these functions, which can lead to specific signs and symptoms.

3. **Understanding Symptoms:** As these functions become impaired, the body may start showing physical signs.

4. **Common Early Warning Signs:**
   - **Jaundice:** This is yellowing of the skin and eyes due to the accumulation of bilirubin, a byproduct of red blood cell breakdown. The liver usually processes and excretes bilirubin, but this process is impaired in liver disease.
   - **Fatigue:** A common nonspecific symptom that can occur due to a decrease in liver function impacting energy metabolism.
   - **Abdominal Pain or Swelling:** This could occur if the liver is inflamed or enlarged, or due to fluid retention (ascites) in the abdominal cavity.
   - **Dark Urine:** This may result from excess bilirubin being excreted through the kidneys.
   - **Pale or Clay-Colored Stools:** This can occur due to lack of bile reaching the intestines, as bile contributes to the normal brown color.
   - **Nausea or Vomiting:** Digestive disturbances can result from liver dysfunction affecting the digestive process.
   - **Loss of Appetite:** Changes in metabolism and digestion due to liver disease can affect hunger and appetite.
   - **Easy Bruising or Bleeding:** The liver produces clotting factors, and liver damage can result in a decreased ability to clot blood.

5. **Severity and Progression:** These symptoms are early indicators and might be subtle at first. The degree to which they appear can vary based on the underlying cause and stage of liver disease.

6. **Underlying Causes:** Liver disease can be caused by a variety of factors, including viral infections (e.g., hepatitis), chronic alcohol use, nonalcoholic fatty liver disease, and genetic conditions.

Final Answer:
Early warning signs of liver disease include jaundice, fatigue, abdominal pain or swelling, dark urine, pale or clay-colored stools, nausea or vomiting, loss of appetite, and easy bruising or bleeding. These symptoms arise as the liver begins to fail in its essential functions. If these symptoms are observed, medical evaluation is important to determine the underlying cause and appropriate course of action."
What symptoms are associated with vitamin D deficiency?,"Vitamin D deficiency can manifest in a variety of symptoms, including:

1. Bone pain and tenderness.
2. Muscle weakness and cramps.
3. Fatigue and general tiredness.
4. Mood changes, such as depression or anxiety.
5. Frequent infections and weakened immune function.
6. Joint pain.
7. Impaired wound healing.
8. Hair loss.
9. In severe cases, osteomalacia in adults and rickets in children, which involve bone softening and deformities.

It's important to consult a healthcare provider for a proper diagnosis and treatment if a vitamin D deficiency is suspected.","1. **Overview of Vitamin D's Role**: Vitamin D is essential for maintaining bone health by facilitating calcium and phosphorus absorption in the gut. It also plays roles in immune system function, muscle function, and modulation of cell growth.

2. **Common Symptoms**: 
   - **Bone-related Issues**: The most direct consequence of vitamin D deficiency is the impact on bone health. This can lead to bone pain, tenderness, and an increased risk of fractures because of the impaired mineralization.
   - **Muscle Weakness**: Vitamin D is important for muscle function, and a deficiency can lead to proximal muscle weakness, which can manifest as difficulty climbing stairs or getting up from a sitting position.
   - **Fatigue**: Many people with low vitamin D levels report feeling tired or fatigued.
   
3. **Specific Conditions**:
   - **Rickets in Children**: In children, a severe deficiency can lead to rickets, a condition characterized by soft and weak bones, potentially causing skeletal deformities such as bowed legs or curvature of the spine.
   - **Osteomalacia in Adults**: In adults, a similar condition known as osteomalacia can occur, leading to softening of the bones, bone pain, and muscle weakness.
   
4. **Other Possible Symptoms**: 
   - **Mood Changes**: Some research suggests a link between low vitamin D levels and mood disorders, such as depression.
   - **Frequent Infections**: Given vitamin D’s role in immune function, deficiency might lead to increased susceptibility to infections.
   - **Hair Loss**: Severe deficiency has been loosely associated with hair loss, though this is less common.

5. **Risk Factors and Correlating Factors**:
   - People with limited sun exposure, certain dietary habits, or absorption issues due to gastrointestinal conditions may be at increased risk.
   - Older adults, those with darker skin, and individuals living in higher latitudes may also be more prone to deficiency.

**Final Answer**: Symptoms associated with vitamin D deficiency include bone pain, muscle weakness, fatigue, and increased risk of fractures. In children, it can cause rickets, while in adults, it can lead to osteomalacia. Other possible symptoms may include mood changes, frequent infections, and less commonly, hair loss."
